Statistic,Rho,Theta
"Min.:",0.660940107612684,58.8119991569677
"2.5% Perc.:",2.07172790443281,84.8035077469584
"Median:",39.4016562172324,195.633730143155
"Mean:",39.6795767878566,195.025761958575
"Mode:",18.0853137057997,212.561316820626
"97.5% Perc.:",77.9703686389507,293.117422091327
"Max.:",79.775104652746,299.279690221627
