Statistic,Rho,Theta
"Min.:",13.4103479942288,319.663419514619
"Weighted 2.5 % Perc.:",13.4103491529104,336.996762090832
"Weighted Median:",13.4103571490701,339.709676182704
"Weighted Mean:",13.4103566663035,339.277032130052
"Weighted Mode:",13.4103578471263,339.67370628288
"Weighted 97.5 % Perc.:",13.410359479227,340.850802109983
"Max.:",13.410359479227,343.383735053246
