Statistic,Rho,Theta
"Min.:",1.47232178739369,59.5613404679783
"2.5% Perc.:",2.48835645806426,67.7761001486248
"Median:",7.66902406069294,179.916234650302
"Mean:",8.0591736606114,197.589594913539
"Mode:",6.26584239373846,129.685646173961
"97.5% Perc.:",13.1033066021867,364.699450572099
"Max.:",13.3371134116887,378.145885309964
