Statistic,Rho,Theta
"Min.:",0.867722494573891,100.925993413501
"2.5% Perc.:",2.86614594363973,117.222679455096
"Median:",28.0847051814932,212.787822051
"Mean:",31.8223789031004,206.929534649345
"Mode:",23.4804434582505,225.85923628356
"97.5% Perc.:",71.8311731985083,295.358153904008
"Max.:",78.5859039033786,297.795974091443
