Statistic,Rho,Theta
"Min.:",0.272550677919244,3.66821763699664
"Weighted 2.5 % Perc.:",0.520628076469868,208.073520871553
"Weighted Median:",2.79355914800474,297.78447825335
"Weighted Mean:",8.061852618304,290.655078051793
"Weighted Mode:",2.08510339992642,297.906403314997
"Weighted 97.5 % Perc.:",38.16399210828,299.438790948471
"Max.:",79.8991498804196,299.534148678785
