Statistic,Rho,Theta
"Min.:",0.0356077457319945,143.835709846834
"2.5% Perc.:",0.218742569695842,149.691055606388
"Median:",9.15215819265563,253.155041601067
"Mean:",16.3202040973753,243.847793709314
"Mode:",5.6891555558417,268.51263566886
"97.5% Perc.:",65.7467000316325,297.578925169336
"Max.:",77.566467205577,299.626624022839
