Statistic,Rho,Theta
"Min.:",0.0234775053262711,0.939253678176999
"Weighted 2.5 % Perc.:",0.0234775053262711,0.939253678176999
"Weighted Median:",0.0234775053262711,0.939253678176999
"Weighted Mean:",0.0234775053262711,0.939253678176999
"Weighted Mode:",0.0234281203542825,0.937277956483305
"Weighted 97.5 % Perc.:",0.0234775053262711,0.939253678176999
"Max.:",0.0234775053262711,0.939253678176999
