Statistic,Rho,Theta
"Min.:",0.214071780323982,109.534132848431
"2.5% Perc.:",0.339731266915798,117.321769636432
"Median:",14.3264408815742,189.443780131855
"Mean:",15.8473563301835,184.438877816937
"Mode:",10.9056352834303,191.040878329318
"97.5% Perc.:",39.2335670449778,235.513424664357
"Max.:",42.2936880923867,237.132697842497
