Statistic,Rho,Theta
"Min.:",0.413162601376238,1.50296088920861
"Weighted 2.5 % Perc.:",0.413260877116041,1.50296088924921
"Weighted Median:",1.35024515351639,247.325453571525
"Weighted Mean:",21.6989174097856,171.180109638708
"Weighted Mode:",1.16226840736881,279.566846017638
"Weighted 97.5 % Perc.:",79.5492120504107,296.209705826259
"Max.:",79.5493107920693,296.209720739068
