Statistic,Rho,Theta
"Min.:",0.484173060875759,56.7357322904706
"2.5% Perc.:",1.00526487447093,82.4629552965956
"Median:",31.9591850523243,202.599152264061
"Mean:",34.6151182390531,199.825377044282
"Mode:",24.9428898323335,191.729392748614
"97.5% Perc.:",73.1419324871479,291.011305989877
"Max.:",79.3731090049788,295.30778741937
