Statistic,Rho,Theta
"Min.:",0.518892843813822,100.6747187369
"2.5% Perc.:",1.55286756741425,138.728573728224
"Median:",29.6305097866802,233.372905925607
"Mean:",31.7608134208229,228.538368013138
"Mode:",8.96290031252521,277.852421688596
"97.5% Perc.:",72.8549321881477,299.330939126182
"Max.:",77.6224046895199,299.829054839691
